{"downloadCount": 1754, "name": "Current Employment Statistics: Beginning 1990", "viewLastModified": 1571436795, "grants": [{"flags": ["public"], "inherited": false, "type": "viewer"}], "hideFromDataJson": false, "attribution": "New York State Department of Labor", "rowsUpdatedBy": "xzik-pf59", "totalTimesRated": 0, "rowsUpdatedAt": 1571436767, "description": "Current Employment by Industry (CES) data reflect jobs by \"place of work.\" It does not include the self-employed, unpaid family workers, and private household employees. Jobs located in the county or the metropolitan area that pay wages and salaries are counted although workers may live outside the area. Jobs are counted regardless of the number of hours worked. Individuals who hold more than one job (i.e. multiple job holders) may be counted more than once. The employment figure is an estimate of the number of jobs in the area (regardless of the place of residence of the workers) rather than a count of jobs held by the residents of the area.", "attributionLink": "http://www.labor.ny.gov/stats/lscesmaj.shtm", "owner": {"profileImageUrlLarge": "/api/users/xzik-pf59/profile_images/LARGE", "id": "xzik-pf59", "profileImageUrlMedium": "/api/users/xzik-pf59/profile_images/THUMB", "displayName": "NY Open Data", "type": "interactive", "profileImageUrlSmall": "/api/users/xzik-pf59/profile_images/TINY", "screenName": "NY Open Data"}, "columns": [{"name": "Area", "format": {"align": "center"}, "dataTypeName": "text", "cachedContents": {"smallest": "00000", "cardinality": "40", "largest": "93562", "top": [{"count": "65805", "item": "00000"}, {"count": "42792", "item": "93561"}, {"count": "22047", "item": "35004"}, {"count": "18741", "item": "93562"}, {"count": "16065", "item": "40380"}, {"count": "13209", "item": "10580"}, {"count": "12162", "item": "15380"}, {"count": "10353", "item": "45060"}, {"count": "9105", "item": "13780"}, {"count": "8643", "item": "46540"}, {"count": "8568", "item": "20524"}, {"count": "8568", "item": "21300"}, {"count": "7854", "item": "27060"}, {"count": "7854", "item": "28740"}, {"count": "7677", "item": "24020"}, {"count": "5355", "item": "00041"}, {"count": "5355", "item": "00049"}, {"count": "5355", "item": "00057"}, {"count": "5355", "item": "00077"}, {"count": "5355", "item": "00089"}], "null": "0", "not_null": "393318"}, "id": 434002212, "fieldName": "area", "tableColumnId": 7858094, "position": 1, "renderTypeName": "text", "description": "Geographic Area Code", "width": 113}, {"name": "Area Name", "format": {"align": "left"}, "dataTypeName": "text", "cachedContents": {"smallest": "Albany-Schenectady-Troy Metro Area", "cardinality": "40", "largest": "Wyoming County", "top": [{"count": "65805", "item": "Statewide"}, {"count": "42792", "item": "New York City"}, {"count": "22047", "item": "Nassau-Suffolk Metropolitan Division"}, {"count": "18741", "item": "Orange-Rockland-Westchester Metro Area"}, {"count": "16065", "item": "Rochester Metro Area"}, {"count": "13209", "item": "Albany-Schenectady-Troy Metro Area"}, {"count": "12162", "item": "Buffalo-Niagara Falls Metro Area"}, {"count": "10353", "item": "Syracuse Metro Area"}, {"count": "9105", "item": "Binghamton Metro Area"}, {"count": "8643", "item": "Utica-Rome Metro Area"}, {"count": "8568", "item": "Elmira Metro Area"}, {"count": "8568", "item": "Dutchess-Putnam Metropolitan Division"}, {"count": "7854", "item": "Kingston Metro Area"}, {"count": "7854", "item": "Ithaca Metro Area"}, {"count": "7677", "item": "Glens Falls Metro Area"}, {"count": "5355", "item": "Hamilton County"}, {"count": "5355", "item": "Lewis County"}, {"count": "5355", "item": "Montgomery County"}, {"count": "5355", "item": "Otsego County"}, {"count": "5355", "item": "Schuyler County"}], "null": "0", "not_null": "393318"}, "id": 434002213, "fieldName": "area_name", "tableColumnId": 7858095, "position": 2, "renderTypeName": "text", "description": "Geographic Area Name", "width": 150}, {"name": "Series", "format": {"align": "center"}, "dataTypeName": "text", "cachedContents": {"smallest": "00000000", "cardinality": "193", "largest": "90936111", "top": [{"count": "16644", "item": "00000000"}, {"count": "14280", "item": "30000000"}, {"count": "14280", "item": "65000000"}, {"count": "14280", "item": "80000000"}, {"count": "14280", "item": "40000000"}, {"count": "14280", "item": "60000000"}, {"count": "14280", "item": "05000000"}, {"count": "14280", "item": "15000000"}, {"count": "14280", "item": "55000000"}, {"count": "14280", "item": "90000000"}, {"count": "14280", "item": "50000000"}, {"count": "14280", "item": "08000000"}, {"count": "14280", "item": "70000000"}, {"count": "14280", "item": "07000000"}, {"count": "14280", "item": "06000000"}, {"count": "5355", "item": "43000000"}, {"count": "5355", "item": "41000000"}, {"count": "5355", "item": "90930000"}, {"count": "5355", "item": "42000000"}, {"count": "4998", "item": "90910000"}], "null": "0", "not_null": "393318"}, "id": 434002214, "fieldName": "series", "tableColumnId": 7858096, "position": 3, "renderTypeName": "text", "description": "Code identifying the specific series", "width": 118}, {"name": "Title", "format": {"align": "left"}, "dataTypeName": "text", "cachedContents": {"smallest": "Accommodation", "cardinality": "193", "largest": "Wholesale Trade", "top": [{"count": "16644", "item": "Total Nonfarm"}, {"count": "14280", "item": "Private Service Providing"}, {"count": "14280", "item": "Mining, Logging, and Construction"}, {"count": "14280", "item": "Trade, Transportation, and Utilities"}, {"count": "14280", "item": "Education and Health Services"}, {"count": "14280", "item": "Manufacturing"}, {"count": "14280", "item": "Government"}, {"count": "14280", "item": "Financial Activities"}, {"count": "14280", "item": "Professional and Business Services"}, {"count": "14280", "item": "Leisure and Hospitality"}, {"count": "14280", "item": "Other Services"}, {"count": "14280", "item": "Service-Providing"}, {"count": "14280", "item": "Goods Producing"}, {"count": "14280", "item": "Information"}, {"count": "14280", "item": "Total Private"}, {"count": "5355", "item": "Retail Trade"}, {"count": "5355", "item": "Transportation and Utilities"}, {"count": "5355", "item": "Local Government"}, {"count": "5355", "item": "Wholesale Trade"}, {"count": "4998", "item": "Federal Government"}], "null": "0", "not_null": "393318"}, "id": 434002215, "fieldName": "title", "tableColumnId": 7858097, "position": 4, "renderTypeName": "text", "description": "Industry Name", "width": 160}, {"name": "Year", "format": {"noCommas": "true", "precisionStyle": "standard", "align": "center"}, "dataTypeName": "number", "cachedContents": {"smallest": "1939", "cardinality": "81", "largest": "2019", "top": [{"count": "13323", "item": "2018"}, {"count": "13320", "item": "2011"}, {"count": "13320", "item": "2017"}, {"count": "13320", "item": "2016"}, {"count": "13320", "item": "2015"}, {"count": "13320", "item": "2014"}, {"count": "13320", "item": "2012"}, {"count": "13320", "item": "2013"}, {"count": "13296", "item": "2007"}, {"count": "13296", "item": "2005"}, {"count": "13296", "item": "2010"}, {"count": "13296", "item": "2009"}, {"count": "13296", "item": "2008"}, {"count": "13296", "item": "2006"}, {"count": "13140", "item": "2004"}, {"count": "13140", "item": "2003"}, {"count": "12960", "item": "2002"}, {"count": "12948", "item": "1991"}, {"count": "12948", "item": "1990"}, {"count": "12948", "item": "2001"}], "null": "0", "not_null": "393318"}, "id": 434002216, "fieldName": "year", "tableColumnId": 7858098, "position": 5, "renderTypeName": "number", "description": "Year of Data. Beginning 1990.", "width": 110}, {"name": "Month", "format": {"noCommas": "false", "precisionStyle": "standard", "align": "center"}, "dataTypeName": "number", "cachedContents": {"smallest": "1", "cardinality": "12", "largest": "12", "top": [{"count": "33054", "item": "4"}, {"count": "33054", "item": "5"}, {"count": "33054", "item": "6"}, {"count": "33054", "item": "3"}, {"count": "33054", "item": "7"}, {"count": "33054", "item": "9"}, {"count": "33054", "item": "1"}, {"count": "33054", "item": "8"}, {"count": "33054", "item": "2"}, {"count": "31944", "item": "12"}, {"count": "31944", "item": "10"}, {"count": "31944", "item": "11"}], "null": "0", "not_null": "393318"}, "id": 434002217, "fieldName": "month", "tableColumnId": 7858099, "position": 6, "renderTypeName": "number", "description": "Month of Data", "width": 121}, {"name": "Current Employment", "format": {"noCommas": "false", "precisionStyle": "standard", "align": "right"}, "dataTypeName": "number", "cachedContents": {"smallest": "0", "cardinality": "14334", "largest": "9879200", "top": [{"count": "5471", "item": "500"}, {"count": "5428", "item": "400"}, {"count": "5157", "item": "300"}, {"count": "4650", "item": "600"}, {"count": "4382", "item": "200"}, {"count": "4234", "item": "900"}, {"count": "4041", "item": "700"}, {"count": "3956", "item": "1000"}, {"count": "3895", "item": "800"}, {"count": "3423", "item": "1200"}, {"count": "3372", "item": "1100"}, {"count": "3284", "item": "100"}, {"count": "3038", "item": "1300"}, {"count": "2830", "item": "1400"}, {"count": "2557", "item": "1800"}, {"count": "2295", "item": "1700"}, {"count": "2245", "item": "1500"}, {"count": "2122", "item": "2300"}, {"count": "2090", "item": "0"}, {"count": "2000", "item": "2200"}], "null": "0", "not_null": "393318"}, "id": 434002218, "fieldName": "current_employment", "tableColumnId": 7858100, "position": 7, "renderTypeName": "number", "description": "Number of Jobs", "width": 205}], "tags": ["employment by industry", "employment", "nonfarm employment", "payroll employment"], "id": "6k74-dgkb", "approvals": [{"reviewedAutomatically": true, "state": "approved", "submissionDetails": {"permissionType": "READ"}, "submitter": {"displayName": "NY Open Data", "id": "xzik-pf59"}, "submissionOutcome": "change_audience", "submissionObject": "public_audience_request", "submissionOutcomeApplication": {"failureCount": 0, "status": "success"}, "workflowId": 2254, "submissionId": 1372360, "reviewedAt": 1563574224, "submittedAt": 1563574224}], "tableId": 16646198, "publicationAppendEnabled": false, "averageRating": 0, "query": {"orderBys": [{"ascending": true, "expression": {"type": "column", "columnId": 434002212}}, {"ascending": true, "expression": {"type": "column", "columnId": 434002214}}, {"ascending": false, "expression": {"type": "column", "columnId": 434002216}}, {"ascending": false, "expression": {"type": "column", "columnId": 434002217}}]}, "newBackend": true, "createdAt": 1360877450, "metadata": {"attachments": [{"name": "NYSDOL_CES_Overview.pdf", "blobId": "0CC12A41-9CC5-4BD6-9FAD-C9BF76BF3B85", "filename": "NYSDOL_CES_Overview.pdf"}, {"name": "NYSDOL_CES_DataFileLayout.pdf", "blobId": "25835E60-4B00-48EE-A0E4-F22322DF85A9", "filename": "NYSDOL_CES_DataFileLayout.pdf"}], "renderTypeConfig": {"visible": {"table": true}}, "rdfSubject": "0", "availableDisplayTypes": ["table", "fatrow", "page"], "custom_fields": {"Disclaimers": {"Limitations": "", "Disclaimer": "Nonfarm employment estimates for areas by industry reflect jobs by \"place of work\". It does not include the self-employed, unpaid family workers, and private household employees. Jobs located in the area that pay wages and salaries are counted although workers may live outside the area. Jobs are counted regardless of the number of hours worked. Individuals who hold more than one job (i.e. multiple job holders) may be counted more than once. The employment figure is an estimate of the number of jobs in the area (regardless of the place of residence of the workers) rather than a count of jobs held by the residents of the area. Industries are classified according to their North American Industry Classification System (NAICS) code. Monthly job estimates for areas below the state level are not adjusted for seasonal changes in employment. It is important to keep in mind that month-to-month changes may be due to regular seasonal patterns in an industry. Typically, during the winter holiday shopping season retail jobs increase, and during the summer there are more workers in the construction industry. On the other hand, changes may reflect new businesses, expansions, closings, etc. Comparison of monthly changes for the same period in prior years will provide a better understanding of whether the change is seasonal or atypical. Data adjusted for seasonal changes are only available for industry divisions at the state level. Monthly fluctuations in the wage and salary employment data are an essential part of the changes that occur in a dynamic economy of the county or region. It is important to study the data over time to evaluate the strength of the local economy. Wage and salary employment data identify which industries have the largest number of jobs. An industry with a large number of workers may not necessarily be expanding; it may even be downsizing. New and expanding industries may not have large numbers of existing jobs but are a good source for new job opportunities. Annual average data over time tend to be a better indicator of employment trends for the various industries in an area. "}, "Dataset Information": {"Localities": "", "Agency": "Labor, Department of"}, "Additional Resources": {"See Also    ": "", "See Also   ": "", "See Also  ": "", "See Also        ": "", "See Also         ": "", "See Also     ": "", "See Also       ": "", "See Also ": "http://www.bls.gov/sae/790over.htm", "See Also      ": "", "See Also": "http://www.bls.gov/ces"}, "Notes": {"Notes": "Nonfarm employment estimates--by place of work--provide the most up-to-date employment estimates available by industry. Estimates are based on the monthly Current Employment Statistics (CES) survey of over 18,000 businesses, which uses probability sampling methodology and is based on the NAICS classification system. Industry employment figures are available for New York State, metropolitan areas and counties outside of metropolitan areas. This data is produced by USDOL Bureau of Labor Statistics. "}, "Dataset Summary": {"Posting Frequency": "Monthly", "Time Period": "1990 \u2013 present ", "Granularity": "Some county level data", "Data Frequency": "Monthly", "Coverage": "Statewide, Metropolitan Statistical Area (MSA), county", "Units": "Jobs", "Organization": "Division of Research and Statistics ", "Contact Information": "rsask@labor.ny.gov", "Dataset Owner": "Bureau of Statistics, Current Employment Statistics Unit "}}}, "displayType": "table", "provenance": "official", "rights": ["read"], "viewType": "tabular", "viewCount": 35789, "numberOfComments": 0, "oid": 32658470, "publicationGroup": 677810, "hideFromCatalog": false, "tableAuthor": {"profileImageUrlLarge": "/api/users/xzik-pf59/profile_images/LARGE", "id": "xzik-pf59", "profileImageUrlMedium": "/api/users/xzik-pf59/profile_images/THUMB", "displayName": "NY Open Data", "type": "interactive", "profileImageUrlSmall": "/api/users/xzik-pf59/profile_images/TINY", "screenName": "NY Open Data"}, "publicationDate": 1571436795, "indexUpdatedAt": 1571436768, "flags": ["default", "restorable", "restorePossibleForType"], "publicationStage": "published", "category": "Economic Development"}